Id,Sex,Age,Height,Weight,Sport
1,1,26,171,71,0
2,1,22,171,71,0
3,1,22,171,71,0
4,1,30,171,71,0
5,1,30,171,71,0
6,1,34,171,71,0
7,1,21,194,78,0
8,1,21,194,78,0
9,1,21,194,78,0
10,1,25,194,78,0
11,1,25,194,78,0
12,1,23,178,76,0
13,1,23,178,76,0
14,1,22,171,71,0
15,1,22,171,71,0
16,1,26,170,70,0
17,1,18,182,76,0
18,1,21,171,71,0
19,1,21,171,71,0
20,1,25,171,71,0
21,1,17,171,71,0
22,0,21,173,59,0
23,0,21,173,59,0
24,0,21,173,59,0
25,1,19,175,55,0
26,0,14,171,71,0
27,1,21,171,71,0
28,1,21,171,71,0
29,1,24,181,73,0
30,1,24,181,73,0
31,1,24,181,73,0
32,1,24,181,73,0
33,1,24,181,73,0
34,1,20,184,79,0
35,1,21,176,66,0
36,1,21,176,66,0
37,1,21,176,66,0
38,1,21,176,66,0
39,1,21,176,66,0
40,1,21,176,66,0
41,1,21,188,77,0
42,1,21,188,77,0
43,1,21,188,77,0
44,1,25,188,77,0
45,1,16,177,71,0
46,0,17,190,73,0
47,0,17,171,71,0
48,0,17,171,71,0
49,1,20,180,74,0
50,1,22,190,78,0
51,1,22,190,78,0
52,1,22,190,78,0
53,1,22,190,78,0
54,1,30,197,92,0
55,1,30,197,92,0
56,1,17,175,64,0
57,1,17,175,64,0
58,1,21,175,64,0
59,1,21,175,64,0
60,1,21,175,64,0
61,0,21,172,63,0
62,0,21,172,63,0
63,1,19,187,81,0
64,1,22,171,71,0
65,1,22,171,71,0
66,1,22,171,71,0
67,1,15,177,64,0
68,1,15,177,64,0
69,1,19,177,64,0
70,1,19,177,64,0
71,1,19,177,64,0
72,1,21,180,70,0
73,1,16,178,69,0
74,1,19,178,69,0
75,1,14,181,77,0
76,1,18,182,68,0
77,1,18,182,68,0
78,1,20,180,73,0
79,1,20,180,73,0
80,1,20,171,71,0
81,1,20,171,71,0
82,1,20,171,71,0
83,0,16,171,71,0
84,0,16,171,71,0
85,1,18,192,89,0
86,1,22,192,89,0
87,1,21,171,71,0
88,1,20,162,60,0
89,1,22,190,80,0
90,1,15,171,71,0
91,1,15,171,71,0
92,1,15,171,71,0
93,1,20,187,87,0
94,1,20,187,87,0
95,1,20,187,87,0
96,1,18,171,71,0
97,1,18,171,71,0
98,0,14,172,72,0
99,0,16,165,54,0
100,0,16,165,54,0
101,0,20,173,65,0
102,0,24,173,65,0
103,1,36,171,71,0
104,1,36,171,71,0
105,1,36,171,71,0
106,1,36,171,71,0
107,1,36,171,71,0
108,0,20,178,72,0
109,1,28,179,70,0
110,1,28,179,70,0
111,0,17,163,52,0
112,0,17,163,52,0
113,0,17,163,52,0
114,0,17,163,52,0
115,0,22,163,52,0
116,0,22,163,52,0
117,1,21,171,71,0
118,1,25,171,71,0
119,1,25,171,71,0
120,1,25,171,71,0
121,0,23,173,61,0
122,0,16,171,71,0
123,0,16,171,71,0
124,0,19,179,70,0
125,0,19,179,70,0
126,0,23,179,70,0
127,0,23,179,70,0
128,0,21,165,53,0
129,1,23,180,64,0
130,1,19,198,100,0
131,1,23,198,100,0
132,1,23,198,100,0
133,1,23,198,100,0
134,1,27,198,100,0
135,1,27,198,100,0
136,1,27,198,100,0
137,1,27,198,100,0
138,1,20,190,82,0
139,1,20,190,82,0
140,1,24,190,82,0
141,1,24,190,82,0
142,1,19,191,86,0
143,1,19,191,86,0
144,1,23,191,86,0
145,1,23,191,86,0
146,0,17,162,60,0
147,1,28,175,75,0
148,1,21,190,86,0
149,1,25,190,86,0
150,1,29,190,86,0
151,0,16,160,50,0
152,0,25,170,55,0
153,1,18,194,78,0
154,1,18,194,78,0
155,1,17,187,78,0
156,1,17,187,78,0
157,1,21,187,78,0
158,1,18,168,65,0
159,1,20,202,90,0
160,1,20,202,90,0
161,1,20,202,90,0
162,1,20,202,90,0
163,1,20,202,90,0
164,1,24,202,90,0
165,1,17,171,71,0
166,1,17,171,71,0
167,1,21,171,71,0
168,1,21,171,71,0
169,1,21,171,71,0
170,1,17,171,71,0
171,1,19,178,72,0
172,1,19,178,72,0
173,1,19,178,72,0
174,1,19,178,72,0
175,1,23,178,72,0
176,1,23,178,72,0
177,1,23,178,72,0
178,1,16,179,71,0
179,1,18,161,70,0
180,0,18,163,54,0
181,0,18,163,54,0
182,0,19,161,53,0
183,0,17,166,56,0
184,0,17,166,56,0
185,0,23,171,71,0
186,0,23,171,71,0
187,0,22,172,52,0
188,0,22,172,52,0
189,0,22,172,52,0
190,1,23,170,61,0
191,1,34,178,79,0
192,0,14,168,54,0
193,0,14,168,54,0
194,0,18,166,59,0
195,0,18,166,59,0
196,0,20,167,55,0
197,0,24,167,55,0
198,0,27,180,67,0
199,0,27,180,67,0
200,0,27,180,67,0
201,0,27,180,67,0
202,1,21,184,68,0
203,1,21,184,68,0
204,1,19,171,71,0
205,1,21,190,82,0
206,1,21,190,82,0
207,1,21,190,82,0
208,0,14,158,53,0
209,0,18,158,53,0
210,0,22,158,53,0
211,1,19,188,80,0
212,1,19,188,80,0
213,0,18,182,65,0
214,0,18,182,65,0
215,0,18,182,65,0
216,0,18,182,65,0
217,0,17,174,62,0
218,0,17,174,62,0
219,0,17,174,62,0
220,0,17,174,62,0
221,0,19,171,71,0
222,1,21,175,61,0
223,1,21,175,61,0
224,1,21,175,61,0
225,1,18,175,65,0
226,1,21,171,71,0
227,1,21,171,71,0
228,1,21,171,71,0
229,1,20,179,68,0
230,0,22,170,57,0
231,1,15,173,65,0
232,0,18,162,53,0
233,1,24,171,71,0
234,0,14,168,64,0
235,0,18,168,64,0
236,1,17,171,71,0
237,1,19,171,71,0
238,1,19,171,71,0
239,0,16,170,72,0
240,1,30,171,71,0
241,1,21,178,72,0
242,1,16,180,60,0
243,1,21,171,71,0
244,1,21,171,71,0
245,1,23,178,71,0
246,1,26,178,71,0
247,1,18,182,72,0
248,1,17,190,86,0
249,1,21,170,70,0
250,1,24,170,70,0
251,1,14,170,63,0
252,1,18,171,71,0
253,1,16,180,72,0
254,0,17,167,60,0
255,1,21,180,67,0
256,1,19,171,71,0
257,0,18,158,40,0
258,1,20,171,71,0
259,1,18,173,73,0
260,1,18,173,73,0
261,1,18,173,73,0
262,1,22,173,73,0
263,1,22,173,73,0
264,1,22,173,73,0
265,1,26,173,73,0
266,1,26,173,73,0
267,1,30,173,73,0
268,1,16,179,60,0
269,1,16,179,60,0
270,1,16,179,60,0
271,1,20,179,60,0
272,1,20,179,60,0
273,1,20,179,60,0
274,1,20,179,60,0
275,1,20,179,60,0
276,1,20,175,62,0
277,1,20,171,71,0
278,1,20,171,71,0
279,1,20,171,71,0
280,1,20,171,71,0
281,1,21,177,71,0
282,1,21,177,71,0
283,1,19,171,71,0
284,1,16,172,71,0
285,1,18,174,55,0
286,1,18,174,55,0
287,1,18,174,55,0
288,1,18,174,55,0
289,1,18,177,70,0
290,1,18,177,70,0
291,1,22,177,70,0
292,1,22,177,70,0
293,1,22,177,70,0
294,1,16,175,72,0
295,1,19,185,80,0
296,1,19,185,80,0
297,0,23,171,71,0
298,0,23,171,71,0
299,1,24,187,76,0
300,0,23,171,71,0
301,1,21,171,71,0
302,1,21,171,71,0
303,1,22,188,74,0
304,1,22,188,74,0
305,1,19,181,84,0
306,1,19,181,84,0
307,1,19,193,80,0
308,1,19,193,80,0
309,0,17,170,59,0
310,0,17,170,59,0
311,0,15,177,65,0
312,0,15,177,65,0
313,0,19,177,65,0
314,0,19,177,65,0
315,0,19,177,65,0
316,1,19,185,75,0
317,1,19,193,88,0
318,1,19,193,88,0
319,1,19,193,88,0
320,1,23,193,88,0
321,1,23,193,88,0
322,1,23,193,88,0
323,1,19,194,91,0
324,1,19,194,91,0
325,1,18,183,80,0
326,1,26,183,80,0
327,1,26,183,80,0
328,1,26,183,80,0
329,1,21,174,69.5,0
330,1,25,174,69.5,0
331,0,20,175,61,0
332,0,20,175,61,0
333,1,19,171,71,0
334,0,17,162,52,0
335,0,17,162,52,0
336,1,18,171,71,0
337,1,20,185,80,0
338,1,17,171,71,0
339,1,17,171,71,0
340,1,17,171,71,0
341,0,15,171,71,0
342,0,15,171,71,0
343,1,30,171,71,0
344,1,21,171,71,0
345,1,17,175,72,0
346,1,17,175,72,0
347,1,20,184,82,0
348,1,20,184,82,0
349,0,19,179,68,0
350,0,23,179,68,0
351,0,23,179,68,0
352,0,23,179,68,0
353,0,27,179,68,0
354,0,27,179,68,0
355,0,19,180,60,0
356,0,23,180,60,0
357,0,14,175,60,0
358,0,15,162,50,0
359,0,15,162,50,0
360,0,15,162,50,0
361,0,15,162,50,0
362,1,23,185,74,0
363,1,23,185,74,0
364,0,20,170,65,0
365,1,17,180,84,0
366,1,17,180,84,0
367,1,21,180,84,0
368,1,21,180,84,0
369,1,21,182,77,0
370,0,15,163,59,0
371,1,17,182,73,0
372,1,17,182,73,0
373,1,17,182,73,0
374,1,17,182,73,0
375,1,21,182,73,0
376,1,21,182,73,0
377,1,25,182,73,0
378,1,25,182,73,0
379,1,25,182,73,0
380,1,19,186,73,0
381,1,19,186,73,0
382,1,20,182,79,0
383,1,23,182,79,0
384,1,19,177,75,0
385,1,19,177,75,0
386,1,19,177,75,0
387,1,23,177,75,0
388,1,23,177,75,0
389,1,23,177,75,0
390,1,27,177,75,0
391,1,27,177,75,0
392,1,27,177,75,0
393,1,31,177,75,0
394,1,19,176,71,0
395,1,18,180,80,0
396,1,18,180,80,0
397,1,25,171,71,0
398,1,25,171,71,0
399,0,18,180,64,0
400,0,18,180,64,0
401,0,23,180,64,0
402,0,23,180,64,0
403,0,23,180,64,0
404,0,26,180,64,0
405,0,26,180,64,0
406,0,30,180,64,0
407,0,30,180,64,0
408,0,34,180,64,0
409,0,38,180,64,0
410,1,22,178,76,0
411,1,18,170,65,0
412,1,22,170,65,0
413,1,23,180,84,0
414,1,23,180,84,0
415,1,15,174,64,0
416,1,15,174,64,0
417,1,15,174,64,0
418,1,21,171,71,0
419,1,19,171,71,0
420,1,19,171,71,0
421,1,19,171,71,0
422,1,19,184,80,0
423,1,19,184,80,0
424,0,20,171,71,0
425,0,20,171,71,0
426,0,18,171,71,0
427,0,18,171,71,0
428,0,18,171,71,0
429,0,18,171,71,0
430,0,18,171,71,0
431,1,16,171,71,0
432,1,16,185,76,0
433,1,16,185,76,0
434,1,20,185,76,0
435,1,20,185,76,0
436,1,24,185,76,0
437,1,24,185,76,0
438,1,24,185,76,0
439,1,18,183,73,0
440,1,22,183,73,0
441,1,22,183,73,0
442,1,22,183,73,0
443,1,22,183,73,0
444,1,25,182,75,0
445,1,25,182,75,0
446,1,21,171,71,0
447,0,17,161,53,0
448,0,17,161,53,0
449,1,15,171,71,0
450,1,18,170,65,0
451,1,21,171,71,0
452,1,22,189,79,0
453,1,22,189,79,0
454,1,21,188,74,0
455,1,21,188,74,0
456,1,21,188,74,0
457,0,19,173,63,0
458,0,15,160,54,0
459,0,15,160,54,0
460,0,15,160,54,0
461,0,15,160,54,0
462,0,19,160,54,0
463,0,19,160,54,0
464,1,23,191,82,0
465,0,23,168,56,0
466,0,19,165,53,0
467,0,19,165,53,0
468,0,19,165,53,0
469,0,19,165,53,0
470,0,18,173,73,0
471,0,18,174,58,0
472,0,18,174,58,0
473,0,22,174,58,0
474,0,22,174,58,0
475,0,22,174,58,0
476,0,19,183,70,0
477,0,19,183,70,0
478,0,19,183,70,0
479,0,20,168,57,0
480,0,20,168,57,0
481,0,24,165,59,0
482,1,20,178,65,0
483,0,15,168,55,0
484,0,15,168,55,0
485,1,22,187,68,0
486,1,22,179,66,0
487,1,22,179,66,0
488,1,30,171,71,0
489,1,30,171,71,0
490,0,21,171,71,0
491,0,21,171,71,0
492,0,21,171,71,0
493,0,25,171,71,0
494,0,25,171,71,0
495,0,25,171,71,0
496,1,23,193,95,0
497,1,23,193,95,0
498,0,16,162,53,0
499,0,17,171,71,0
500,0,17,171,71,0
501,1,28,175,64,1
502,1,28,175,64,1
503,1,28,175,64,1
504,1,28,175,64,1
505,1,28,175,64,1
506,1,28,175,64,1
507,1,28,175,64,1
508,1,28,175,64,1
509,1,32,175,64,1
510,1,32,175,64,1
511,1,32,175,64,1
512,1,32,175,64,1
513,1,32,175,64,1
514,1,32,175,64,1
515,1,32,175,64,1
516,1,32,175,64,1
517,1,24,162,57,1
518,1,20,162,57,1
519,1,23,167,64,1
520,1,23,167,64,1
521,1,23,167,64,1
522,1,23,167,64,1
523,1,23,167,64,1
524,1,23,167,64,1
525,1,23,162,57,1
526,1,23,162,57,1
527,1,23,162,57,1
528,1,23,162,57,1
529,1,23,162,57,1
530,1,23,162,57,1
531,1,23,162,57,1
532,1,23,162,57,1
533,1,23,162,57,1
534,1,19,162,57,1
535,1,19,162,57,1
536,1,19,162,57,1
537,1,19,162,57,1
538,1,19,162,57,1
539,1,19,162,57,1
540,1,19,162,57,1
541,1,19,162,57,1
542,1,23,162,57,1
543,1,23,162,57,1
544,1,23,162,57,1
545,1,23,162,57,1
546,1,23,162,57,1
547,1,23,162,57,1
548,1,23,162,57,1
549,1,23,162,57,1
550,1,22,167,63,1
551,1,22,167,63,1
552,1,22,167,63,1
553,1,22,167,63,1
554,1,22,167,63,1
555,0,19,160,48,1
556,0,19,160,48,1
557,0,19,160,48,1
558,0,19,160,48,1
559,0,19,160,48,1
560,0,19,160,48,1
561,0,25,165,55,1
562,0,25,165,55,1
563,0,25,165,55,1
564,0,25,165,55,1
565,0,25,165,55,1
566,0,18,153,48,1
567,0,18,153,48,1
568,0,18,153,48,1
569,0,18,153,48,1
570,0,18,153,48,1
571,1,19,161,62,1
572,1,19,161,62,1
573,1,19,161,62,1
574,1,19,161,62,1
575,1,19,161,62,1
576,1,19,161,62,1
577,1,24,161,62,1
578,1,24,161,62,1
579,1,24,161,62,1
580,1,24,161,62,1
581,1,19,162,57,1
582,1,19,162,57,1
583,1,19,162,57,1
584,1,19,162,57,1
585,1,19,162,57,1
586,1,19,162,57,1
587,1,19,162,57,1
588,1,19,162,57,1
589,1,23,162,57,1
590,1,21,162,57,1
591,1,20,159,64,1
592,1,20,159,64,1
593,1,20,159,64,1
594,1,20,159,64,1
595,1,20,159,64,1
596,1,20,159,64,1
597,1,20,159,64,1
598,0,26,162,57,1
599,0,26,162,57,1
600,0,26,162,57,1
601,0,26,162,57,1
602,0,26,162,57,1
603,0,26,162,57,1
604,0,26,162,57,1
605,0,22,148,46,1
606,0,22,148,46,1
607,0,22,148,46,1
608,0,22,148,46,1
609,0,22,148,46,1
610,0,22,148,46,1
611,0,26,148,46,1
612,0,26,148,46,1
613,0,26,148,46,1
614,0,26,148,46,1
615,0,26,148,46,1
616,0,26,148,46,1
617,0,16,150,40,1
618,0,16,150,40,1
619,0,16,150,40,1
620,0,16,150,40,1
621,1,27,162,57,1
622,1,22,162,57,1
623,1,30,162,57,1
624,1,30,162,57,1
625,1,25,173,64,1
626,1,25,173,64,1
627,1,25,173,64,1
628,1,25,173,64,1
629,1,25,173,64,1
630,1,25,173,64,1
631,1,25,173,64,1
632,1,25,173,64,1
633,1,29,173,64,1
634,1,29,173,64,1
635,1,29,173,64,1
636,1,29,173,64,1
637,1,29,173,64,1
638,1,29,173,64,1
639,1,29,173,64,1
640,1,29,173,64,1
641,0,18,162,56,1
642,0,18,162,56,1
643,0,18,162,56,1
644,0,18,162,56,1
645,0,18,162,56,1
646,0,18,162,56,1
647,0,17,153,38,1
648,0,17,153,38,1
649,0,17,153,38,1
650,0,17,153,38,1
651,0,16,162,56,1
652,0,16,162,56,1
653,0,16,162,56,1
654,0,16,162,56,1
655,0,16,162,56,1
656,0,20,162,56,1
657,0,20,162,56,1
658,0,20,162,56,1
659,0,20,162,56,1
660,0,20,162,56,1
661,0,16,158,48,1
662,0,16,158,48,1
663,0,16,158,48,1
664,0,16,158,48,1
665,0,16,158,48,1
666,0,20,158,48,1
667,0,20,158,48,1
668,0,20,158,48,1
669,0,16,148,40,1
670,0,16,148,40,1
671,0,16,148,40,1
672,0,16,148,40,1
673,0,16,148,40,1
674,0,16,148,40,1
675,1,23,162,57,1
676,1,20,162,57,1
677,0,19,162,57,1
678,1,21,162,57,1
679,1,21,162,57,1
680,1,21,162,57,1
681,1,21,162,57,1
682,1,21,162,57,1
683,1,21,162,57,1
684,1,21,162,57,1
685,1,21,162,57,1
686,1,25,162,57,1
687,1,25,162,57,1
688,1,25,162,57,1
689,1,25,162,57,1
690,1,25,162,57,1
691,1,25,162,57,1
692,1,25,162,57,1
693,1,26,168,67,1
694,1,26,168,67,1
695,1,26,168,67,1
696,1,26,168,67,1
697,1,26,168,67,1
698,1,26,168,67,1
699,1,26,168,67,1
700,1,26,168,67,1
701,1,23,162,57,1
702,1,23,162,57,1
703,1,23,162,57,1
704,1,23,162,57,1
705,1,23,162,57,1
706,1,23,162,57,1
707,1,23,162,57,1
708,1,23,162,57,1
709,1,21,154,53,1
710,1,21,154,53,1
711,1,21,154,53,1
712,1,21,154,53,1
713,1,21,154,53,1
714,1,21,154,53,1
715,1,21,154,53,1
716,1,21,154,53,1
717,1,25,154,53,1
718,1,25,154,53,1
719,1,25,154,53,1
720,1,25,154,53,1
721,1,25,154,53,1
722,1,25,154,53,1
723,1,25,154,53,1
724,1,25,154,53,1
725,1,21,156,55,1
726,1,21,156,55,1
727,1,21,156,55,1
728,1,21,156,55,1
729,1,21,156,55,1
730,1,21,156,55,1
731,1,21,156,55,1
732,1,21,156,55,1
733,0,22,162,57,1
734,1,26,167,65,1
735,1,26,167,65,1
736,1,23,162,57,1
737,0,17,159,50,1
738,0,17,159,50,1
739,0,17,159,50,1
740,0,17,159,50,1
741,0,17,159,50,1
742,0,17,159,50,1
743,1,19,162,57,1
744,1,21,162,54,1
745,1,21,162,54,1
746,1,21,162,54,1
747,1,21,162,54,1
748,1,26,162,57,1
749,1,26,162,57,1
750,1,26,162,57,1
751,1,26,162,57,1
752,1,26,162,57,1
753,1,26,162,57,1
754,1,26,162,57,1
755,1,26,162,57,1
756,0,23,163,55,1
757,0,23,163,55,1
758,0,23,163,55,1
759,0,23,163,55,1
760,0,23,163,55,1
761,0,23,163,55,1
762,1,30,162,57,1
763,0,22,156,52,1
764,0,22,156,52,1
765,0,22,156,52,1
766,0,22,156,52,1
767,0,22,156,52,1
768,0,22,156,52,1
769,1,20,172,66,1
770,1,20,172,66,1
771,1,20,172,66,1
772,1,20,172,66,1
773,1,20,172,66,1
774,1,20,172,66,1
775,1,20,172,66,1
776,1,20,172,66,1
777,0,21,167,67,1
778,0,21,167,67,1
779,0,21,167,67,1
780,0,21,167,67,1
781,0,21,167,67,1
782,1,19,171,63,1
783,1,19,171,63,1
784,1,19,171,63,1
785,1,19,171,63,1
786,1,19,171,63,1
787,1,19,171,63,1
788,1,19,171,63,1
789,1,23,171,63,1
790,1,23,171,63,1
791,1,23,171,63,1
792,1,23,171,63,1
793,1,23,171,63,1
794,1,23,171,63,1
795,1,23,171,63,1
796,1,27,171,63,1
797,1,27,171,63,1
798,1,27,171,63,1
799,1,27,171,63,1
800,1,27,171,63,1
801,1,27,171,63,1
802,1,27,171,63,1
803,1,23,162,57,1
804,1,23,162,57,1
805,1,23,162,57,1
806,1,23,162,57,1
807,1,23,162,57,1
808,1,23,162,57,1
809,1,23,162,57,1
810,1,23,162,57,1
811,1,23,162,57,1
812,1,23,162,57,1
813,1,23,162,57,1
814,1,23,162,57,1
815,1,20,162,57,1
816,1,20,162,57,1
817,1,20,162,57,1
818,1,20,162,57,1
819,1,20,162,57,1
820,1,20,162,57,1
821,1,20,162,57,1
822,1,20,162,57,1
823,1,28,162,57,1
824,1,28,162,57,1
825,1,28,162,57,1
826,1,28,162,57,1
827,1,28,162,57,1
828,1,28,162,57,1
829,1,28,162,57,1
830,1,28,162,57,1
831,1,23,162,57,1
832,1,21,173,64,1
833,1,21,173,64,1
834,1,21,173,64,1
835,1,21,173,64,1
836,1,21,173,64,1
837,1,21,173,64,1
838,1,21,173,64,1
839,1,21,173,64,1
840,0,16,157,46,1
841,0,16,157,46,1
842,0,16,157,46,1
843,0,16,157,46,1
844,0,16,157,46,1
845,0,20,157,46,1
846,0,20,157,46,1
847,0,20,157,46,1
848,0,20,157,46,1
849,0,20,157,46,1
850,0,20,157,46,1
851,1,21,165,65,1
852,1,21,165,65,1
853,1,21,165,65,1
854,1,21,165,65,1
855,1,21,165,65,1
856,1,21,165,65,1
857,1,21,165,65,1
858,1,25,165,65,1
859,1,25,165,65,1
860,1,25,165,65,1
861,1,25,165,65,1
862,1,25,165,65,1
863,1,25,165,65,1
864,1,25,165,65,1
865,1,25,165,65,1
866,0,15,148,40,1
867,0,15,148,40,1
868,0,15,148,40,1
869,0,15,148,40,1
870,0,15,148,40,1
871,0,15,148,40,1
872,1,23,162,57,1
873,0,18,157,52,1
874,0,18,157,52,1
875,0,18,157,52,1
876,0,18,157,52,1
877,0,18,157,52,1
878,0,18,157,52,1
879,0,16,158,50,1
880,0,16,158,50,1
881,0,16,158,50,1
882,0,18,162,45,1
883,0,18,162,45,1
884,0,18,162,45,1
885,0,18,162,45,1
886,0,18,162,45,1
887,1,23,171,57,1
888,1,23,171,57,1
889,1,23,171,57,1
890,1,23,162,57,1
891,1,23,162,57,1
892,1,23,162,57,1
893,1,23,162,57,1
894,1,23,162,57,1
895,1,23,162,57,1
896,1,23,162,57,1
897,1,23,162,57,1
898,1,21,166,63,1
899,1,21,166,63,1
900,1,21,166,63,1
901,1,21,166,63,1
902,1,21,166,63,1
903,1,21,166,63,1
904,1,21,166,63,1
905,1,21,166,63,1
906,0,19,155,59,1
907,0,19,155,59,1
908,0,19,155,59,1
909,0,19,155,59,1
910,0,16,158,44,1
911,0,16,158,44,1
912,0,16,158,44,1
913,0,16,158,44,1
914,0,16,158,44,1
915,0,16,158,44,1
916,0,20,158,44,1
917,0,20,158,44,1
918,0,20,158,44,1
919,0,20,158,44,1
920,0,20,158,44,1
921,0,20,158,44,1
922,1,24,167,62,1
923,1,24,167,62,1
924,1,24,167,62,1
925,1,24,167,62,1
926,1,24,167,62,1
927,1,24,167,62,1
928,1,24,167,62,1
929,0,14,162,57,1
930,0,18,155,47,1
931,0,18,155,47,1
932,0,18,155,47,1
933,0,18,155,47,1
934,0,18,155,47,1
935,0,18,155,47,1
936,0,20,162,57,1
937,0,20,162,57,1
938,0,20,162,57,1
939,0,20,162,57,1
940,0,20,162,57,1
941,1,21,162,57,1
942,1,21,162,57,1
943,1,21,162,57,1
944,1,21,162,57,1
945,1,21,162,57,1
946,1,21,162,57,1
947,1,21,162,57,1
948,1,21,162,57,1
949,1,22,162,57,1
950,1,26,162,57,1
951,0,17,162,57,1
952,0,17,162,57,1
953,0,17,162,57,1
954,0,17,162,57,1
955,0,17,162,57,1
956,0,17,162,57,1
957,1,23,162,57,1
958,1,23,168,57,1
959,1,23,168,57,1
960,1,23,168,57,1
961,1,24,166,62,1
962,1,24,166,62,1
963,1,24,166,62,1
964,1,24,166,62,1
965,1,24,166,62,1
966,1,28,166,62,1
967,1,28,166,62,1
968,1,28,166,62,1
969,1,28,166,62,1
970,1,28,166,62,1
971,1,20,162,57,1
972,1,20,162,57,1
973,1,27,162,57,1
974,1,29,162,57,1
975,1,29,162,57,1
976,1,31,162,57,1
977,1,23,162,57,1
978,1,20,162,57,1
979,1,22,162,57,1
980,1,26,162,57,1
981,1,34,162,57,1
982,1,28,162,57,1
983,1,17,162,57,1
984,1,23,162,57,1
985,0,24,162,57,1
986,0,23,162,57,1
987,0,17,151,46,1
988,0,17,151,46,1
989,0,17,151,46,1
990,0,17,151,46,1
991,0,17,151,46,1
992,1,28,162,57,1
993,1,26,162,57,1
994,0,16,158,54,1
995,0,16,158,54,1
996,0,16,158,54,1
997,0,16,158,54,1
998,0,16,158,54,1
999,0,16,158,54,1
1000,1,23,162,57,1
1001,0,18,168,69,2
1002,0,18,168,69,2
1003,1,31,189,130,2
1004,1,24,174,70,2
1005,1,23,176,69,2
1006,1,30,187,76,2
1007,1,22,177,74,2
1008,1,22,177,74,2
1009,1,26,177,74,2
1010,1,30,177,74,2
1011,0,24,168,65,2
1012,0,28,168,65,2
1013,1,22,189,80,2
1014,1,26,170,65,2
1015,0,22,179,80,2
1016,0,26,179,80,2
1017,1,22,182,67,2
1018,1,26,182,67,2
1019,0,25,168,105,2
1020,1,27,190,80,2
1021,0,35,155,43,2
1022,1,18,168,60,2
1023,1,16,180,70,2
1024,1,26,176,69,2
1025,1,23,176,64,2
1026,1,23,176,64,2
1027,1,27,176,64,2
1028,1,20,175,66,2
1029,1,22,190,88,2
1030,1,20,160,65,2
1031,1,24,181,74,2
1032,1,22,178,78,2
1033,1,22,178,78,2
1034,1,22,181,74,2
1035,1,26,183,75,2
1036,1,25,163,57,2
1037,1,21,168,57,2
1038,1,29,168,57,2
1039,1,25,176,69,2
1040,1,23,169,68,2
1041,0,19,158,49,2
1042,1,31,176,69,2
1043,1,25,176,69,2
1044,1,25,176,73,2
1045,1,25,176,73,2
1046,1,25,176,67,2
1047,1,21,176,74,2
1048,1,21,170,58,2
1049,1,20,176,69,2
1050,1,23,194,96,2
1051,1,24,170,63,2
1052,1,19,170,63,2
1053,1,23,170,63,2
1054,1,27,176,56,2
1055,1,27,176,56,2
1056,1,30,178,66,2
1057,1,34,178,66,2
1058,1,19,177,65,2
1059,1,23,177,65,2
1060,1,21,170,57,2
1061,1,25,170,57,2
1062,1,23,178,61,2
1063,1,27,178,61,2
1064,1,31,178,61,2
1065,1,35,178,61,2
1066,1,23,185,67,2
1067,1,25,176,71,2
1068,0,17,147,50,2
1069,1,24,184,70,2
1070,1,25,176,69,2
1071,1,25,176,69,2
1072,1,23,169,60,2
1073,1,23,169,60,2
1074,1,17,176,68,2
1075,1,17,168,54,2
1076,1,24,173,64,2
1077,0,22,163,56,2
1078,0,26,163,56,2
1079,1,25,178,70,2
1080,1,25,178,70,2
1081,1,25,177,68,2
1082,1,23,176,69,2
1083,1,21,172,66,2
1084,1,21,172,66,2
1085,1,25,172,66,2
1086,1,25,172,66,2
1087,0,22,180,59,2
1088,1,27,164,55,2
1089,1,25,165,65,2
1090,1,25,180,76,2
1091,0,21,170,47,2
1092,1,18,150,60,2
1093,1,19,181,66,2
1094,1,23,181,66,2
1095,1,26,190,125,2
1096,1,34,190,125,2
1097,1,24,177,75,2
1098,1,23,173,68,2
1099,1,23,173,68,2
1100,1,21,160,50,2
1101,1,21,160,50,2
1102,0,25,163,46,2
1103,0,29,163,46,2
1104,1,22,184,85,2
1105,1,30,184,85,2
1106,1,37,174,63,2
1107,0,23,173,61,2
1108,1,22,166,58,2
1109,1,24,192,68,2
1110,1,26,176,69,2
1111,1,19,181,78,2
1112,1,19,181,78,2
1113,0,30,170,60,2
1114,1,27,181,78,2
1115,1,24,173,66,2
1116,0,21,159,40,2
1117,0,21,159,40,2
1118,0,25,159,40,2
1119,0,25,159,40,2
1120,1,30,176,69,2
1121,1,30,176,69,2
1122,1,19,169,62,2
1123,0,24,173,53,2
1124,0,24,159,54,2
1125,0,26,164,58,2
1126,1,19,182,68,2
1127,0,17,170,53,2
1128,1,26,175,61,2
1129,1,26,175,61,2
1130,1,25,168,59,2
1131,1,27,176,69,2
1132,1,27,176,69,2
1133,1,30,182,79,2
1134,1,25,176,69,2
1135,1,21,190,65,2
1136,1,25,190,65,2
1137,1,23,175,75,2
1138,1,31,180,64,2
1139,1,22,193,78,2
1140,1,25,186,84,2
1141,1,33,178,61,2
1142,0,19,167,53,2
1143,0,19,167,53,2
1144,0,23,167,53,2
1145,0,23,167,53,2
1146,0,27,167,53,2
1147,0,31,167,53,2
1148,1,22,179,72,2
1149,1,22,179,72,2
1150,1,23,173,65,2
1151,1,23,173,65,2
1152,1,20,183,75,2
1153,1,20,183,75,2
1154,1,20,183,75,2
1155,1,20,183,75,2
1156,1,24,183,75,2
1157,1,24,183,75,2
1158,1,24,183,75,2
1159,1,21,176,69,2
1160,1,21,176,69,2
1161,1,27,176,69,2
1162,1,22,172,61,2
1163,0,28,182,95,2
1164,1,30,164,59,2
1165,1,23,173,61,2
1166,0,19,163,53,2
1167,1,31,186,115,2
1168,1,20,176,68,2
1169,1,20,176,68,2
1170,1,24,176,68,2
1171,1,28,176,68,2
1172,1,21,183,72,2
1173,1,25,183,72,2
1174,1,26,174,68,2
1175,0,34,164,52,2
1176,0,38,164,52,2
1177,1,23,176,69,2
1178,1,23,176,69,2
1179,1,21,168,62,2
1180,1,24,180,59,2
1181,0,26,178,61,2
1182,0,26,178,61,2
1183,1,27,173,74,2
1184,1,28,168,67,2
1185,1,32,168,67,2
1186,1,33,180,76,2
1187,1,25,176,69,2
1188,1,18,172,63,2
1189,1,22,172,63,2
1190,0,19,157,52,2
1191,0,17,150,64,2
1192,0,17,150,64,2
1193,1,20,190,80,2
1194,1,21,182,77,2
1195,1,25,182,77,2
1196,0,18,170,58,2
1197,1,23,170,67,2
1198,0,22,180,70,2
1199,1,27,163,51,2
1200,1,21,176,69,2
1201,1,21,176,69,2
1202,1,25,176,69,2
1203,1,25,176,69,2
1204,1,22,194,125,2
1205,1,26,194,125,2
1206,1,21,176,69,2
1207,1,23,167,58,2
1208,1,23,190,74,2
1209,0,22,160,55,2
1210,0,22,160,55,2
1211,1,22,175,65,2
1212,1,26,175,65,2
1213,1,22,179,65,2
1214,0,23,163,54,2
1215,1,25,167,52,2
1216,1,25,188,75,2
1217,1,33,188,75,2
1218,0,24,167,52,2
1219,1,19,168,55,2
1220,1,23,168,55,2
1221,1,28,191,110,2
1222,1,32,191,110,2
1223,0,20,159,55,2
1224,0,20,159,55,2
1225,1,28,176,69,2
1226,0,18,167,55,2
1227,0,18,167,55,2
1228,1,24,191,75,2
1229,0,26,180,70,2
1230,1,24,180,83,2
1231,0,18,169,52,2
1232,0,18,169,52,2
1233,1,29,176,69,2
1234,1,22,185,61,2
1235,1,22,176,69,2
1236,1,22,176,69,2
1237,1,26,176,69,2
1238,1,26,176,69,2
1239,0,21,188,66,2
1240,0,25,188,66,2
1241,0,29,188,66,2
1242,0,33,188,66,2
1243,0,37,188,66,2
1244,1,22,179,60,2
1245,1,23,180,71,2
1246,1,27,178,79,2
1247,1,27,172,70,2
1248,1,24,182,82,2
1249,1,24,182,82,2
1250,1,24,182,82,2
1251,0,20,183,85,2
1252,0,24,183,85,2
1253,1,30,154,64,2
1254,1,31,175,73,2
1255,1,26,190,83,2
1256,1,26,190,83,2
1257,1,23,175,71,2
1258,1,23,175,71,2
1259,1,23,180,79,2
1260,1,23,180,79,2
1261,1,23,180,79,2
1262,1,27,180,79,2
1263,1,27,180,79,2
1264,1,27,180,79,2
1265,1,22,188,78,2
1266,1,22,188,78,2
1267,1,27,176,69,2
1268,1,27,183,67,2
1269,1,22,169,68,2
1270,1,26,169,68,2
1271,1,20,176,69,2
1272,1,29,178,64,2
1273,1,27,189,70,2
1274,1,31,189,70,2
1275,1,31,189,70,2
1276,1,35,189,70,2
1277,1,23,194,87,2
1278,0,25,171,59,2
1279,1,23,188,78,2
1280,1,23,188,78,2
1281,1,23,188,78,2
1282,1,23,188,78,2
1283,1,23,188,78,2
1284,1,27,188,78,2
1285,1,27,188,78,2
1286,1,27,188,78,2
1287,1,27,188,78,2
1288,1,20,170,56,2
1289,1,20,170,56,2
1290,1,20,170,56,2
1291,1,23,172,67,2
1292,1,27,172,67,2
1293,0,21,176,69,2
1294,0,19,193,120,2
1295,0,23,193,120,2
1296,0,27,193,120,2
1297,0,31,193,120,2
1298,1,26,177,72,2
1299,1,30,177,72,2
1300,1,23,185,94,2
1301,1,25,166,57,2
1302,0,23,160,49,2
1303,1,20,165,59,2
1304,1,28,165,59,2
1305,1,24,183,69,2
1306,1,24,183,69,2
1307,1,26,168,55,2
1308,1,28,164,56,2
1309,1,23,178,70,2
1310,1,20,183,75,2
1311,1,24,183,75,2
1312,1,24,183,75,2
1313,1,28,183,75,2
1314,1,28,183,75,2
1315,1,32,183,75,2
1316,1,32,183,75,2
1317,1,23,188,88,2
1318,1,27,188,88,2
1319,0,20,161,58,2
1320,0,20,161,58,2
1321,0,24,161,58,2
1322,0,32,161,58,2
1323,1,25,176,69,2
1324,1,25,176,69,2
1325,1,27,181,66,2
1326,1,24,186,77,2
1327,0,23,166,63,2
1328,1,22,177,70,2
1329,1,26,177,70,2
1330,1,18,168,58,2
1331,1,22,168,58,2
1332,1,21,180,47,2
1333,1,23,178,75,2
1334,1,27,178,75,2
1335,1,23,176,69,2
1336,1,21,180,68,2
1337,1,21,180,68,2
1338,1,26,180,68,2
1339,1,19,186,78,2
1340,1,19,186,78,2
1341,1,19,186,78,2
1342,1,22,186,78,2
1343,1,22,186,78,2
1344,1,22,186,78,2
1345,1,26,186,78,2
1346,1,24,177,70,2
1347,1,28,177,70,2
1348,1,28,177,70,2
1349,0,27,162,65,2
1350,0,22,170,50,2
1351,0,27,170,50,2
1352,0,35,170,50,2
1353,0,30,176,69,2
1354,1,24,162,65,2
1355,1,28,162,65,2
1356,1,28,162,65,2
1357,1,28,162,65,2
1358,0,25,153,52,2
1359,1,21,176,65,2
1360,1,26,176,65,2
1361,1,21,185,63,2
1362,1,21,185,63,2
1363,1,21,185,63,2
1364,0,19,165,58,2
1365,0,22,162,50,2
1366,1,25,168,56,2
1367,1,22,188,80,2
1368,1,26,188,80,2
1369,1,20,173,61,2
1370,1,20,173,61,2
1371,1,24,168,59,2
1372,1,21,182,72,2
1373,1,20,170,69,2
1374,1,28,167,68,2
1375,0,23,180,96,2
1376,0,32,180,96,2
1377,0,32,180,96,2
1378,0,36,180,96,2
1379,0,24,165,64,2
1380,0,24,165,64,2
1381,1,27,176,69,2
1382,0,22,170,58,2
1383,1,22,176,69,2
1384,1,22,176,69,2
1385,0,20,176,69,2
1386,0,20,176,69,2
1387,0,28,182,64,2
1388,1,20,176,69,2
1389,1,30,187,80,2
1390,0,30,164,56,2
1391,0,20,180,62,2
1392,0,20,180,62,2
1393,0,24,180,62,2
1394,0,24,180,62,2
1395,1,24,189,67,2
1396,0,20,165,52,2
1397,0,20,165,52,2
1398,1,21,184,69,2
1399,1,21,184,69,2
1400,1,21,184,69,2
1401,1,30,181,76,2
1402,1,34,181,76,2
1403,1,28,182,72,2
1404,1,19,180,72,2
1405,1,27,179,74,2
1406,1,29,185,80,2
1407,0,19,167,66,2
1408,1,22,184,66,2
1409,1,22,176,69,2
1410,1,19,176,69,2
1411,1,23,175,66,2
1412,1,21,193,75,2
1413,0,25,177,63,2
1414,0,29,177,63,2
1415,1,36,173,60,2
1416,1,23,174,64,2
1417,1,23,174,64,2
1418,1,27,174,64,2
1419,1,21,171,66,2
1420,1,21,171,66,2
1421,0,34,175,70,2
1422,0,19,179,57,2
1423,1,24,180,72,2
1424,1,24,180,72,2
1425,1,28,167,64,2
1426,1,27,194,80,2
1427,0,30,165,50,2
1428,0,34,165,50,2
1429,0,38,165,50,2
1430,0,23,173,64,2
1431,1,26,178,64,2
1432,1,26,178,64,2
1433,1,24,168,62,2
1434,1,32,168,62,2
1435,1,25,176,69,2
1436,1,25,176,69,2
1437,1,24,178,77,2
1438,1,24,171,62,2
1439,1,24,171,62,2
1440,1,24,171,62,2
1441,1,28,171,62,2
1442,0,20,165,66,2
1443,0,23,167,57,2
1444,1,26,172,64,2
1445,1,23,185,75,2
1446,1,25,175,69,2
1447,1,25,175,69,2
1448,1,25,175,69,2
1449,1,25,176,69,2
1450,1,25,176,69,2
1451,1,29,173,65,2
1452,1,33,173,65,2
1453,1,24,173,59,2
1454,1,18,169,70,2
1455,1,18,169,70,2
1456,1,22,169,70,2
1457,1,27,179,73,2
1458,1,31,179,73,2
1459,0,23,172,63,2
1460,0,27,172,63,2
1461,1,23,169,61,2
1462,1,27,169,61,2
1463,1,31,169,61,2
1464,0,21,160,50,2
1465,0,25,160,50,2
1466,0,25,165,51,2
1467,0,25,170,63,2
1468,1,32,178,69,2
1469,1,22,170,57,2
1470,1,22,170,57,2
1471,1,22,170,57,2
1472,1,22,170,57,2
1473,1,24,196,72,2
1474,1,24,196,72,2
1475,1,24,196,72,2
1476,1,28,196,72,2
1477,1,28,196,72,2
1478,1,28,196,72,2
1479,1,32,196,72,2
1480,1,23,174,69,2
1481,1,23,174,69,2
1482,1,24,182,67,2
1483,0,18,187,68,2
1484,0,21,187,68,2
1485,1,24,158,56,2
1486,1,26,176,69,2
1487,1,26,176,69,2
1488,1,26,176,69,2
1489,1,26,176,69,2
1490,1,26,176,69,2
1491,1,26,176,69,2
1492,0,23,176,69,2
1493,1,26,176,69,2
1494,1,26,176,69,2
1495,1,21,175,65,2
1496,1,23,178,60,2
1497,1,19,175,67,2
1498,1,19,175,67,2
1499,1,23,176,64,2
1500,1,23,176,64,2
1501,1,27,176,64,2
